Pipeline,Anchor Identity Fidelity (1-5),Identity Notes,Pose Control / Frame Coherence (1-5),Pose Notes,Style / Pixel Stability (1-5),Style Notes,Determinism / Reproducibility (1-5),Determinism Notes,Batchability / Automation (1-5),Automation Notes,Cost / Throughput (1-5),Cost Notes,Phaser Export Compatibility (1-5),Export Notes,Failure Mode Severity (1-5),Failure Notes,Effort to Productionize (1-5),Productionize Notes,Avg Score (excl. Failure/Effort)
LoRA + DWPose + ComfyUI,5,LoRA baked identity; even extreme poses stay on-model,5,DWPose dense keypoints including hands/face; multi-ControlNet for depth,4,LoRA trained on style/pixel-art dataset; K-means palette quantization,5,Fixed seed + LoRA + DWPose = same output every time; deterministic diffusion,5,ComfyUI API + Python; headless execution; batch queue; parallel GPU instances,4,LoRA training 2-60min/character (RTX 4090); inference fast; scales linearly,5,Assembler agent handles pivot/JSON; Aseprite CLI/TexturePacker integration,2,LoRA overfitting on small data; pose skeleton errors; audit loop catches early,3,Moderate: LoRA training setup + ComfyUI API + audit gates; proven workflow,4.71
IP-Adapter Plus + DWPose,4,"IP-Adapter ~90% consistency; fine details (logos, accessories) fluctuate",5,DWPose skeletal blueprint = exact poses; no pose mechanism in IP alone,3,IP preserves color scheme but artifacts appear; needs cell-shading LoRA,4,Fixed seed + IP reference = repeatable; but slight variance in fine details,5,No training step = high throughput; batch 100s characters sequentially,5,Minimal overhead (image encoder pass); no training; high throughput,5,Standard PNG+JSON output; DWPose provides ankle pivot data; rembg for alpha,3,Fine details drift (accessories); ControlNet-IP conflict on face; rejectable,2,Low: ComfyUI + IP-Adapter install; no training; batch scripts straightforward,4.43
3D-Assisted (Mixamo + Blender),4,3D rig guarantees structure; stylization pass can lose 2D nuances,5,3D rig = mathematically perfect poses; orthographic camera = no jitter,3,3D render = consistent density; stylization img2img can drift if denoise high,5,3D rig + same camera = pixel-identical frames; img2img adds variance,3,Blender Python batch render; Mixamo manual; TexturePacker scriptable,4,Mixamo free; Blender free; TripoAI usage costs; GPU for stylization,5,Blender orthographic render = consistent baseline; TexturePacker for atlas,2,3D conversion loses 2D nuances; stylization artifacts; iteratable,4,High: Blender Python expertise; TripoAI integration; Mixamo manual export,4.14
Animate Anyone (Fine-tuned),5,ReferenceNet spatial detail > CLIP; fine-tuned on anchors = perfect lock,5,Pose Guider 4-layer encoder aligns pose to latent; temporal smoothness,4,"ReferenceNet captures spatial detail; struggles with fine details (hair, props)",5,Fine-tuned model + fixed seed = deterministic; training is one-time per dataset,3,Inference scriptable; training requires manual curation; 40GB VRAM bottleneck,2,L40S/A100 40GB rental $2-3/hr; 10hr training per character; expensive,4,Post-process to Aseprite/TexturePacker; DWPose pivot data extractable,4,Stage 2 overfitting loses props/details; catastrophic if undetected; manual review,5,Very High: ML engineering; 2-stage fine-tuning; L40S GPU access; data curation,4.0
Flux Dev + LoRA + DWPose,5,LoRA + constraint prompts = pixel-perfect; Flux follows instructions,5,DWPose + Flux instruction-following = precise; constraint prompts enforce,5,Flux high-res 512x512; pixel-art LoRA + constraint prompts = crisp,5,Flux + LoRA + fixed seed = deterministic; prompt constraints lock output,4,ComfyUI API; Flux Schnell fast inference; LoRA training per-character overhead,3,Flux slower than SD1.5; requires RTX 4090+; 40GB VRAM for training,5,Flux PNG output; post-process to sprite sheet; standard tools compatible,2,Over-constraining makes rigid; Flux slower = long feedback loop,3,Moderate: Flux setup + 40GB VRAM; LoRA training per-character; constraint prompts,4.57
SDXL + IP-Adapter + Multi-ControlNet,2,SDXL prompt-only = identity drift; needs LoRA/IP-Adapter augmentation,5,DWPose + HED/Depth multi-ControlNet = structural fidelity; manual setup,2,SDXL high-fidelity detail conflicts with pixel art; needs LoRA constraint,4,SDXL seeded diffusion repeatable; but multi-ControlNet weight balancing tricky,5,ComfyUI API widely documented; Diffusers library; batch-friendly workflows,4,SDXL 2x slower than SD1.5; heavier VRAM; but fewer steps compensate,5,Standard diffusion output; Aseprite/TexturePacker integration straightforward,4,Identity drift catastrophic without LoRA; high rejection rate in audit,2,Low: ComfyUI setup; widely documented; large community; easy prototyping,3.86
AnimateDiff + ControlNet,3,Temporal module helps but no inherent ID lock; needs IP-Adapter/LoRA,4,Temporal consistency 16-32 frames; Motion Module limited to 5s clips,2,AnimateDiff smooth interpolation = motion blur; counterproductive for pixel-art,3,Temporal module adds variance; limited context batch; Motion Module stochastic,3,Complex VRAM management (24GB for 16 frames); 16-32 frame limit per batch,2,AnimateDiff 24GB VRAM for 16 frames; not suited for high-volume batches,3,Video output requires frame extraction; manual pivot alignment tricky,4,Context limit causes jumps; VRAM limits halt generation; memory errors,4,High: VRAM management; AnimateDiff config; temporal consistency tuning,2.86
Ludo.ai Pose Editor (SaaS),3,Same source image for all poses; black-box model variability,4,Built-in pose presets; auto-animate between keyframes; loops not perfect,3,Integrated pixel art filter; black-box quality varies; touchup needed,2,Web SaaS; model updates break consistency; no seed control exposed,1,Web UI only; no API; subscription model; manual one-by-one usage,2,Subscription $20-50/month; generation credits; not scalable for 100s frames,4,Downloadable sprite sheet PNG+JSON; Phaser-compatible claimed; manual verify,3,Black-box failures undebuggable; loops not perfect; subscription lock-in,1,Very Low: Sign up + subscribe; web UI; no setup; but no control,2.71
Zero-Shot Dual-Pass (IP + Face Fix),4,IP-Adapter Plus decouples pose from identity; dual-pass fixes faces,5,DWPose guides pose; dual-pass locks face while preserving body pose,3,IP-Adapter style biases apply; post-process quantization enforces palette,4,Dual-pass workflow repeatable with fixed seeds; face inpaint adds variance,5,ComfyUI dual-pass workflow scriptable; automated face detection,5,No training cost; two-pass adds 40-60% time; still fast on RTX 3090,5,Standard PNG output; Assembler agent workflow applies; pivot from DWPose,3,Face/body seam if divergent; rejectable with SSIM/LPIPS audit,2,Low: ComfyUI dual-pass workflow; face detection setup; standard nodes,4.43
Hybrid Anchor-First (IP→LoRA),5,LoRA trained on IP-generated dataset from anchor; best cold-start,5,DWPose used in both IP generation and LoRA inference; proven hybrid,4,LoRA trained on anchor style; palette quantization in Assembler agent,5,Automated pipeline deterministic once LoRA trained; IP dataset gen varies,5,Automated IP→LoRA pipeline; one-time training per character; batch inference,4,LoRA training one-time per character; inference fast; best ROI,5,Assembler agent in agentic pipeline; automated Phaser JSON generation,2,Dataset quality determines LoRA quality; IP failures propagate; curation critical,3,Moderate: Automate IP→LoRA pipeline; one-time per character; proven hybrid,4.71
Character Sheet + LoRA Retrain,5,Iterative LoRA refinement from anchor sheets; extremely flexible,4,ControlNet OpenPose/DWPose with manually created skeletons per action,4,LoRA trained on consistent pixel art dataset; iterative refinement,4,LoRA training deterministic; but requires manual curation per iteration,3,Multiple LoRA training cycles; manual cropping; labor-intensive,3,Multiple training cycles = cumulative GPU time; manual labor cost,5,Standard PNG output; Aseprite CLI scripted export; manual alignment if varied sizes,3,Second-gen images amplify flaws if not curated; cumulative drift risk,4,High: Multiple training cycles; manual cropping; dataset curation labor-intensive,4.0
PuLID + ACE + DWPose,5,Face embeddings (InsightFace) + CLIP; near-perfect face replication,5,DWPose for pose + PuLID for face; ControlNet modifies conditioning,3,PuLID mirrors reference style; not pixel-art focused; needs post-process,4,PuLID embeddings deterministic; face detection automated; pose mirrors reference,5,ComfyUI nodes; scriptable; face detection automated; batch processing supported,4,PuLID slower than standard SD; face embeddings add overhead; still viable,5,Standard PNG output; DWPose pivot extraction; Aseprite/TexturePacker compatible,3,Mirrors reference pose = less dynamic; extreme angles fail; rejectable,3,Moderate: PuLID/ACE nodes setup; face detection; ControlNet integration,4.43
